Ноутбук Xiaomi RedmiBook Pro 15 2022 Ryzen R5-6600H/GeForce RTX2050 (16+512GB SSD),87900сом,https://softech.kg/image/cache/e48c4a18a5e9d5eed81390ca6bbe9cf1.jpg
Ноутбук Xiaomi RedmiBook Pro 15 i5-12450H 12th Gen/GeForce RTX2050 (16+512GB SSD),89900сом,https://softech.kg/image/cache/e48c4a18a5e9d5eed81390ca6bbe9cf1.jpg
"Ноутбук HP ENVY 15 X360 Сonvertible 15"" Touch-Screen Intel Core i5-12400H 12th Gen/Intel Iris Xe (8+512GB)",66600сом,https://softech.kg/image/cache/3c35d931c4f42ec46f7c7fc1c8a7afde.jpg
"Ноутбук HP Envy x360 Convert 15.6"" Touchscreen Intel Core i5-1240P 12th Gen/Intel Iris Xe Graphics (8+512GB SSD)",67700сом,https://softech.kg/image/cache/3c35d931c4f42ec46f7c7fc1c8a7afde.jpg
Ноутбук ASUS TUF Gaming F15 Intel Core i5-11400H 11th Gen/NVIDIA RTX3050TI 4GB (8+512GB SSD),72700сом,https://softech.kg/image/cache/ea0350f2f46b3f92e7419fc70c6bcaf8.jpg
"Ноутбук HP Pavilion Gaming 15 15.6"" Intel Core i5-11300H 11th Gen/GEFORCE NVIDIA GTX1650 (8+512SSD)",62700сом,https://softech.kg/image/cache/e15f2a899b18ccc18ac808889c3b6ed9.jpg
"Ноутбук MSI GF63 15.6"" 144Hz Intel Core i7-12650H 12th Gen/ GeForce RTX 3050 6GB (8+512SSD)",86600сом,https://softech.kg/image/cache/110c6e0604e1fbfb2204f7f612631302.jpg
"Ноутбук Apple MacBook Pro 14"" 2021 Apple M1 Pro chip with 10‑core CPU and 16‑core GPU (16+1TB SSD)",177700сом,https://softech.kg/image/cache/b700869aefecb85a97fd9aaee6610147.jpg
"Ноутбук Apple MacBook Pro 14"" 2021 Apple M1 Pro chip with 8‑core CPU and 14‑core GPU (16+512GB SSD)",155500сом,https://softech.kg/image/cache/b700869aefecb85a97fd9aaee6610147.jpg
"Ноутбук Apple MacBook Pro 14"" 2023 Apple M2 Pro chip with 10‑core CPU and 16‑core GPU (16+512GB SSD)",174700сом,https://softech.kg/image/cache/d0c181823d51216c003c9d1fe06cd9d7.jpg
"Ноутбук Apple MacBook Pro 16"" 2021 Apple M1 Pro chip with 10‑core CPU and 16‑core GPU (16+1TB SSD)",187700сом,https://softech.kg/image/cache/690dca1355ba0b497885e5d454e3fc91.jpg
"Ноутбук Apple MacBook Pro 16"" 2021 Apple M1 Pro chip with 10‑core CPU and 16‑core GPU (16+512GB SSD)",177700сом,https://softech.kg/image/cache/690dca1355ba0b497885e5d454e3fc91.jpg
Ноутбук Xiaomi RedmiBook Pro 15 Intel Core i5-12500H/UHD Graphics 770(16+512GB),72900сом,https://softech.kg/image/cache/e48c4a18a5e9d5eed81390ca6bbe9cf1.jpg
"Ноутбук Acer Nitro 5 15.6"" 144Hz Intel Core i7-11800H 11th Gen/GeForce RTX3050Ti 4GB (8+512GB SSD)",89900сом,https://softech.kg/image/cache/95c6ba2aa1e46d9dff1d18521a7f857d.jpg
"Ноутбук Acer Nitro 5 Gaming 17.3"" 144Hz Intel Core i5-12500H 12th Gen/GeForce RTX 3050(8+256GB SSD)",73300сом,https://softech.kg/image/cache/1198e367ac3891f89e6cc068d4b1322d.jpg
Ноутбук ASUS TUF Gaming F15 Intel Core i5-11400 11th Gen/NVIDEA RTX3050 4GB (16+512GB SSD),77900сом,https://softech.kg/image/cache/ea0350f2f46b3f92e7419fc70c6bcaf8.jpg
Ноутбук ASUS ZenBook Flip 15 Ryzen 7 5700U/GeForce MX450 (8+256GB SSD),61700сом,https://softech.kg/image/cache/33b4ce52caec5333940d351fe1e091b3.jpg
"Ноутбук Dell Vostro 3510 Laptop 15.6"" HD Intel Core i3-1115G4 11th Gen/Intel Iris Xe Graphics (4+256GB)",34400сом,https://softech.kg/image/cache/098bcfa5d5b80976b8eddd9c3a76ff82.jpg
"Ноутбук HP 15 15,6"" HD Intel Core i3-1215U 12th Gen/Intel Iris Xe  (4+256GB SSD)",35900сом,https://softech.kg/image/cache/08fef09572adf4b14782829130daf836.jpg
"Ноутбук HP Envy X360 14"" Touchscreen Intel Core i5-1335U 13th Gen/Intel Iris Xe (8+512GB SSD)",65900сом,https://softech.kg/image/cache/3c35d931c4f42ec46f7c7fc1c8a7afde.jpg
"Ноутбук HP Envy x360 Convert 15.6"" Touchscreen Intel Core i5-1135G7 11th Gen/Intel Iris Xe(8+512GB SSD)",63300сом,https://softech.kg/image/cache/3c35d931c4f42ec46f7c7fc1c8a7afde.jpg
"Ноутбук MSI GF63 Thin 15.6"" Intel Core i5-10500H 10th Gen/ GeForce GTX 1650 (8+256GB SSD)",56700сом,https://softech.kg/image/cache/110c6e0604e1fbfb2204f7f612631302.jpg
Ноутбук MSI GF63 Thin Gaming 15.6 Intel Core i5-11400H 11th Gen/Geforce GTX 1650 4GB DDR6 (8+512GB SSD),59900сом,https://softech.kg/image/cache/110c6e0604e1fbfb2204f7f612631302.jpg
Ноутбук Victus by HP 15 Gaming Laptop Intel Core i5-12450H 12th Gen/NVIDIA GeForce GTX 1650 (8+512GB SSD),65900сом,https://softech.kg/image/cache/0cf80dca84886f27b76209b38a889696.jpg
Ноутбук Xiaomi RedmiBook Pro 14 2022 Ryzen R5-6600H/AMD Radeon 660M (16+512GB SSD),68800сом,https://softech.kg/image/cache/120d9d3d6459aa3a2409fd53e612cf8e.jpg
Ноутбук Xiaomi RedmiBook Pro 14 Intel i5-12450H 12th Gen/GeForce MX550 (16+512GB SSD),71900сом,https://softech.kg/image/cache/120d9d3d6459aa3a2409fd53e612cf8e.jpg
Ноутбук Xiaomi RedmiBook Pro 14 Intel i5-12450H 12th Gen/Intel UHD Graphics Xe G4 48EUs (16+512GB SSD),69900сом,https://softech.kg/image/cache/120d9d3d6459aa3a2409fd53e612cf8e.jpg
Ноутбук Xiaomi RedmiBook Pro 15 2022 Ryzen R5-6600H/GeForce RTX2050 (16+512GB SSD),87900сом,https://softech.kg/image/cache/e48c4a18a5e9d5eed81390ca6bbe9cf1.jpg
Ноутбук Xiaomi RedmiBook Pro 15 i5-12450H 12th Gen/GeForce RTX2050 (16+512GB SSD),89900сом,https://softech.kg/image/cache/e48c4a18a5e9d5eed81390ca6bbe9cf1.jpg
"Ноутбук HP ENVY 15 X360 Сonvertible 15"" Touch-Screen Intel Core i5-12400H 12th Gen/Intel Iris Xe (8+512GB)",66600сом,https://softech.kg/image/cache/3c35d931c4f42ec46f7c7fc1c8a7afde.jpg
"Ноутбук HP Envy x360 Convert 15.6"" Touchscreen Intel Core i5-1240P 12th Gen/Intel Iris Xe Graphics (8+512GB SSD)",67700сом,https://softech.kg/image/cache/3c35d931c4f42ec46f7c7fc1c8a7afde.jpg
Ноутбук ASUS TUF Gaming F15 Intel Core i5-11400H 11th Gen/NVIDIA RTX3050TI 4GB (8+512GB SSD),72700сом,https://softech.kg/image/cache/ea0350f2f46b3f92e7419fc70c6bcaf8.jpg
"Ноутбук HP Pavilion Gaming 15 15.6"" Intel Core i5-11300H 11th Gen/GEFORCE NVIDIA GTX1650 (8+512SSD)",62700сом,https://softech.kg/image/cache/e15f2a899b18ccc18ac808889c3b6ed9.jpg
"Ноутбук MSI GF63 15.6"" 144Hz Intel Core i7-12650H 12th Gen/ GeForce RTX 3050 6GB (8+512SSD)",86600сом,https://softech.kg/image/cache/110c6e0604e1fbfb2204f7f612631302.jpg
"Ноутбук Apple MacBook Pro 14"" 2021 Apple M1 Pro chip with 10‑core CPU and 16‑core GPU (16+1TB SSD)",177700сом,https://softech.kg/image/cache/b700869aefecb85a97fd9aaee6610147.jpg
"Ноутбук Apple MacBook Pro 14"" 2021 Apple M1 Pro chip with 8‑core CPU and 14‑core GPU (16+512GB SSD)",155500сом,https://softech.kg/image/cache/b700869aefecb85a97fd9aaee6610147.jpg
"Ноутбук Apple MacBook Pro 14"" 2023 Apple M2 Pro chip with 10‑core CPU and 16‑core GPU (16+512GB SSD)",174700сом,https://softech.kg/image/cache/d0c181823d51216c003c9d1fe06cd9d7.jpg
"Ноутбук Apple MacBook Pro 16"" 2021 Apple M1 Pro chip with 10‑core CPU and 16‑core GPU (16+1TB SSD)",187700сом,https://softech.kg/image/cache/690dca1355ba0b497885e5d454e3fc91.jpg
"Ноутбук Apple MacBook Pro 16"" 2021 Apple M1 Pro chip with 10‑core CPU and 16‑core GPU (16+512GB SSD)",177700сом,https://softech.kg/image/cache/690dca1355ba0b497885e5d454e3fc91.jpg
Ноутбук Xiaomi RedmiBook Pro 15 Intel Core i5-12500H/UHD Graphics 770(16+512GB),72900сом,https://softech.kg/image/cache/e48c4a18a5e9d5eed81390ca6bbe9cf1.jpg
"Ноутбук Acer Nitro 5 15.6"" 144Hz Intel Core i7-11800H 11th Gen/GeForce RTX3050Ti 4GB (8+512GB SSD)",89900сом,https://softech.kg/image/cache/95c6ba2aa1e46d9dff1d18521a7f857d.jpg
"Ноутбук Acer Nitro 5 Gaming 17.3"" 144Hz Intel Core i5-12500H 12th Gen/GeForce RTX 3050(8+256GB SSD)",73300сом,https://softech.kg/image/cache/1198e367ac3891f89e6cc068d4b1322d.jpg
Ноутбук ASUS TUF Gaming F15 Intel Core i5-11400 11th Gen/NVIDEA RTX3050 4GB (16+512GB SSD),77900сом,https://softech.kg/image/cache/ea0350f2f46b3f92e7419fc70c6bcaf8.jpg
Ноутбук ASUS ZenBook Flip 15 Ryzen 7 5700U/GeForce MX450 (8+256GB SSD),61700сом,https://softech.kg/image/cache/33b4ce52caec5333940d351fe1e091b3.jpg
"Ноутбук Dell Vostro 3510 Laptop 15.6"" HD Intel Core i3-1115G4 11th Gen/Intel Iris Xe Graphics (4+256GB)",34400сом,https://softech.kg/image/cache/098bcfa5d5b80976b8eddd9c3a76ff82.jpg
"Ноутбук HP 15 15,6"" HD Intel Core i3-1215U 12th Gen/Intel Iris Xe  (4+256GB SSD)",35900сом,https://softech.kg/image/cache/08fef09572adf4b14782829130daf836.jpg
"Ноутбук HP Envy X360 14"" Touchscreen Intel Core i5-1335U 13th Gen/Intel Iris Xe (8+512GB SSD)",65900сом,https://softech.kg/image/cache/3c35d931c4f42ec46f7c7fc1c8a7afde.jpg
"Ноутбук HP Envy x360 Convert 15.6"" Touchscreen Intel Core i5-1135G7 11th Gen/Intel Iris Xe(8+512GB SSD)",63300сом,https://softech.kg/image/cache/3c35d931c4f42ec46f7c7fc1c8a7afde.jpg
"Ноутбук MSI GF63 Thin 15.6"" Intel Core i5-10500H 10th Gen/ GeForce GTX 1650 (8+256GB SSD)",56700сом,https://softech.kg/image/cache/110c6e0604e1fbfb2204f7f612631302.jpg
Ноутбук MSI GF63 Thin Gaming 15.6 Intel Core i5-11400H 11th Gen/Geforce GTX 1650 4GB DDR6 (8+512GB SSD),59900сом,https://softech.kg/image/cache/110c6e0604e1fbfb2204f7f612631302.jpg
Ноутбук Victus by HP 15 Gaming Laptop Intel Core i5-12450H 12th Gen/NVIDIA GeForce GTX 1650 (8+512GB SSD),65900сом,https://softech.kg/image/cache/0cf80dca84886f27b76209b38a889696.jpg
Ноутбук Xiaomi RedmiBook Pro 14 2022 Ryzen R5-6600H/AMD Radeon 660M (16+512GB SSD),68800сом,https://softech.kg/image/cache/120d9d3d6459aa3a2409fd53e612cf8e.jpg
Ноутбук Xiaomi RedmiBook Pro 14 Intel i5-12450H 12th Gen/GeForce MX550 (16+512GB SSD),71900сом,https://softech.kg/image/cache/120d9d3d6459aa3a2409fd53e612cf8e.jpg
Ноутбук Xiaomi RedmiBook Pro 14 Intel i5-12450H 12th Gen/Intel UHD Graphics Xe G4 48EUs (16+512GB SSD),69900сом,https://softech.kg/image/cache/120d9d3d6459aa3a2409fd53e612cf8e.jpg
